EmployeeID,FamilyName,FirstName,JobDescription,Salary,OfficeID,Contractor
HYD0001,Mahitha,Sujith,Quantity Surveyor,3713690,HYD,-1
JAL0002,Malvika,Kamaraj,Quantity Surveyor,3713690,JAL,-1
BAN0003,Aga,Akeel,Mechanical Engineer,4416280,BAN,0
NAG0004,Agarwal,Sunilkumar,Office Manager,3713690,NAG,0
BAN0005,Agrawal,Nitin,Quantity Surveyor,3713690,BAN,0
HYD0006,Agrawal,Ravi,Architect,4516650,HYD,-1
KOL0007,Ajmani,Gurjeetsingh,Architect,4516650,KOL,-1
KOL0008,Ajwani,Harish,Structural Engineer,4416280,KOL,0
AHM0009,Amonkar,Dnyanesh,Site Manager,3814060,AHM,0
JAL0010,Arora,Sanjive,Architect,4516650,JAL,-1
CHN0011,Assie,Neeraj,Site Manager,3814060,CHN,0
PUN0012,Assie,Neeraj,Quantity Surveyor,3713690,PUN,-1
MUM0013,Aurangabadkar,Rajnikant,Office Manager,3713690,MUM,0
PUN0014,Badhniwalla,Vizak,Electrical Engineer,4416280,PUN,0
MUM0015,Badlani,Rishi,Quantity Surveyor,3713690,MUM,-1
AHM0016,Bafna,Vikas,Mechanical Engineer,4416280,AHM,0
MUM0017,Barot,Niraj,Site Manager,3814060,MUM,0
HYD0018,Bhartia,Rahul Amit,Mechanical Engineer,4416280,HYD,0
KOL0019,Bhatarkar,Rajiv,Mechanical Engineer,4416280,KOL,0
PUN0020,Bhatia,Neelesh,Electrical Engineer,4416280,PUN,0
AHM0021,Bhatia,Pavneet,Chemical Engineer,4416280,AHM,0
NAG0022,Borda,Dharmesh,Structural Engineer,4416280,NAG,0
HYD0023,Chandarana,Darshan,Electrical Engineer,4416280,HYD,0
HYD0024,Chhugani,Lalit,Site Manager,3814060,HYD,0
CHN0025,Chokhani,Rajesh,Structural Engineer,4416280,CHN,0
PUN0026,Choudhary,Hashneet,Quantity Surveyor,3713690,PUN,-1
CHN0027,Dalmia,Gopal,Design Engineer,4416280,CHN,0
JAL0028,Darooka,Amit,Admin Assistant,1204440,JAL,0
JAL0029,Darooka,Sanjay,Office Manager,3713690,JAL,0
KOL0030,Dasgupta,Probal,Office Manager,3713690,KOL,0
BAN0031,Dasgupta,Probal,Quantity Surveyor,3713690,BAN,-1
HYD0032,Desai,Sajid,Structural Engineer,4416280,HYD,0
JAL0033,Desai,Devang,Site Manager,3814060,JAL,0
DEL0034,Deshpande,Tushar,Quantity Surveyor,3713690,DEL,-1
KOL0035,Donda,Shailesh,Admin Assistant,1204440,KOL,0
DEL0036,Doshi,Pinkesh,Electrical Engineer,4416280,DEL,0
AHM0037,Doshy,Somesh,Site Manager,3814060,AHM,0
JAL0038,Dudwadkar,Mangesh,Electrical Engineer,4416280,JAL,0
DEL0039,Dugar,Kamal,Admin Assistant,1204440,DEL,0
PUN0040,Gada,Dinesh,Office Manager,3713690,PUN,0
NAG0041,Gadhia,Mahesh,Design Engineer,4416280,NAG,0
NAG0042,Gadhiok,Randeepsingh,Admin Assistant,1204440,NAG,0
JAL0043,Gandhi,Pinkesh,Admin Assistant,1204440,JAL,0
MUM0044,Gandhi,Pinkal,Structural Engineer,4416280,MUM,0
MUM0045,Godage,Girish,Architect,4516650,MUM,-1
KOL0046,Golam,Shailesh,Site Manager,3814060,KOL,0
CHN0047,Gosalia,Hetal,Office Manager,3713690,CHN,0
BAN0048,Gosalia,Nirav,Admin Assistant,1204440,BAN,0
KOL0049,Gujar,Arpan,Mechanical Engineer,4416280,KOL,0
AHM0050,Gupta,Gajesh,Office Manager,3713690,AHM,0
NAG0051,Haldar,Shyamal,Architect,4516650,NAG,-1
CHN0052,Hiranandani,Anjay,Structural Engineer,4416280,CHN,0
AHM0053,Hirani,A Rakash,Architect,4516650,AHM,-1
KOL0054,Italiya,Kirti,Structural Engineer,4416280,KOL,0
BAN0055,Jain,Rajesh,Design Engineer,4416280,BAN,0
KOL0056,Jain,Jitesh,Quantity Surveyor,3713690,KOL,-1
NAG0057,Jain,Sachin,Admin Assistant,1204440,NAG,0
BAN0058,Jain,Vikas,Architect,4516650,BAN,-1
PUN0059,Jain,Rajeev,Site Manager,3814060,PUN,0
HYD0060,Jobalia,Apurva,Quantity Surveyor,3713690,HYD,-1
KOL0061,Jobanputra,Paresh,Structural Engineer,4416280,KOL,0
AHM0062,Joglekar,Adwait,Architect,4516650,AHM,-1
BAN0063,Jhunjhunwala,Subhash,Architect,4516650,BAN,-1
JAL0064,Kajaria,Rupesh,Admin Assistant,1204440,JAL,0
AHM0065,Kanakia,Nilesh,Structural Engineer,4416280,AHM,0
KOL0066,Kapoor,Rajesh,Admin Assistant,1204440,KOL,0
BAN0067,Kapoor,Satpal,Site Manager,3814060,BAN,0
JAL0068,Karnani,Gurbux,Admin Assistant,1204440,JAL,0
NAG0069,Kavatkar,Kedar,Admin Assistant,1204440,NAG,0
CHN0070,Kerawala,Ashit,Admin Assistant,1204440,CHN,0
BAN0071,Khan,Mahfuz,Quantity Surveyor,3713690,BAN,-1
BAN0072,Khan,Ali,Mechanical Engineer,4416280,BAN,0
HYD0073,Khandelwal,Raju,Mechanical Engineer,4416280,HYD,0
NAG0074,Khimasia,Sanjay,Electrical Engineer,4416280,NAG,0
NAG0075,Kothari,Chintul,Chemical Engineer,4416280,NAG,0
MUM0076,Kothari,Manoj,Structural Engineer,4416280,MUM,0
NAG0077,Kularia,Punamchand,Electrical Engineer,4416280,NAG,0
CHN0078,Kularia,Narsiram,Mechanical Engineer,4416280,CHN,0
KOL0079,Lalwani,Harish,Architect,4516650,KOL,-1
BAN0080,Makhija,Nehal,Structural Engineer,4416280,NAG,0
PUN0081,Makhija,Mukesh,Structural Engineer,4416280,PUN,0
PUN0082,Malladi,Srinivas,Admin Assistant,1204440,PUN,0
AHM0083,Mane,Inarayan,Site Manager,3814060,AHM,0
BAN0084,Mathuria,Jigar,Office Manager,3713690,BAN,0
HYD0085,Mehta,Vinod,Admin Assistant,1204440,HYD,0
KOL0086,Mehta,Atish,Quantity Surveyor,3713690,KOL,-1
MUM0087,Mehta,Hemang,Structural Engineer,4416280,MUM,0
NAG0088,Mehta,Premal,Admin Assistant,1204440,NAG,0
DEL0089,Mehta,Mitesh,Quantity Surveyor,3713690,DEL,-1
KOL0090,Mehta,Bhavesh,Structural Engineer,4416280,KOL,0
NAG0091,Modi,Asit,Architect,4516650,NAG,-1
HYD0092,Mulchandani,Navin,Health And Safety Officer,2810360,HYD,0
KOL0093,Naik,Gaurang,Mechanical Engineer,4416280,KOL,0
KOL0094,Nandu,Vipul,Health And Safety Officer,2810360,KOL,0
NAG0095,Narvekar,Rajesh,Electrical Engineer,4416280,NAG,0
KOL0096,Padmanabhan,Shailendra,Quantity Surveyor,3713690,KOL,-1
NAG0097,Paleja,Ashish,Admin Assistant,1204440,NAG,0
JAL0098,Pallar,Ramchandran,Site Manager,3814060,JAL,0
KOL0099,Panchigar,Ankur,Architect,4516650,KOL,-1
KOL0100,Pandya,Amit,Admin Assistant,1204440,KOL,0
PUN0101,Parekh,Jitin,Architect,4516650,PUN,-1
MUM0102,Parikh,Swapnil,Architect,4516650,MUM,-1
AHM0103,Patel,Dinesh,Site Manager,3814060,AHM,0
KOL0104,Patel,Snehal,Electrical Engineer,4416280,KOL,0
DEL0105,Poonawalla,Mustafa Aziz,Admin Assistant,1204440,DEL,0
CHN0106,Pradhan,Sanjiv,Health And Safety Officer,2810360,CHN,0
CHN0107,Prem,Monesh,Chemical Engineer,4416280,CHN,0
BAN0108,Punjabi,Jagdish,Structural Engineer,4416280,BAN,0
CHN0109,Punjabi,Vinod,Mechanical Engineer,4416280,CHN,0
NAG0110,Ramavat,Shishir,Mechanical Engineer,4416280,NAG,0
KOL0111,Randeria,Mehernosh,Admin Assistant,1204440,KOL,0
JAL0112,Rathod,Jitendra,Design Engineer,4416280,JAL,0
PUN0113,Rathod,Bhavesh,Site Manager,3814060,PUN,0
KOL0114,Rathod,Rajesh,Structural Engineer,4416280,KOL,0
CHN0115,Rawtani,Chandrashekhar,Mechanical Engineer,4416280,CHN,0
MUM0116,Sabarad,Prakash,Chemical Engineer,4416280,MUM,0
JAL0117,Saboo,Satyanarayan,Office Manager,3713690,JAL,0
KOL0118,Sadarangani,Manoj,Admin Assistant,1204440,KOL,0
PUN0119,Salian,Kirthiraj,Mechanical Engineer,4416280,PUN,0
BAN0120,Sanghvi,Nirav,Health And Safety Officer,2810360,BAN,0
DEL0121,Saraiya,Bhushan,Office Manager,3713690,DEL,0
BAN0122,Satra,Jayantilal,Site Manager,3814060,BAN,0
AHM0123,Savla,Paresh,Site Manager,3814060,AHM,0
NAG0124,Sethi,Rajneesh,Mechanical Engineer,4416280,NAG,0
AHM0125,Sethia,Deven,Architect,4516650,AHM,-1
HYD0126,Shah,Rajiv,Structural Engineer,4416280,HYD,0
CHN0127,Shah,Avadh,Health And Safety Officer,2810360,CHN,0
CHN0128,Shah,Anurag,Admin Assistant,1204440,CHN,0
PUN0129,Shah,Shetal,Chemical Engineer,4416280,PUN,0
MUM0130,Shah,Himanshu,Mechanical Engineer,4416280,MUM,0
KOL0131,Shah,Paras,Chemical Engineer,4416280,KOL,0
BAN0132,Shah,Pulin,Admin Assistant,1204440,BAN,0
AHM0133,Shah,Parvez,Site Manager,3814060,AHM,0
HYD0134,Shah,Hitesh,Design Engineer,4416280,HYD,0
MUM0135,Shah,Dilip,Mechanical Engineer,4416280,MUM,0
DEL0136,Shah,Amit,Architect,4516650,DEL,-1
MUM0137,Shah,Gopal,Chemical Engineer,4416280,MUM,0
CHN0138,Shah,Nilesh,Chemical Engineer,4416280,CHN,0
PUN0139,Shah,Vishal,Admin Assistant,1204440,PUN,0
MUM0140,Shah,Mihhiir,Admin Assistant,1204440,MUM,0
MUM0141,Shah,Palak,Electrical Engineer,4416280,MUM,0
BAN0142,Shaikh,Anam Ajaz,Architect,4516650,BAN,-1
MUM0143,Sharma,Dinesh,Electrical Engineer,4416280,MUM,0
KOL0144,Sheth,Amit,Health And Safety Officer,2810360,KOL,0
MUM0145,Sheth,Rupin,Admin Assistant,1204440,MUM,0
PUN0146,Sheth,Amit,Architect,4516650,PUN,-1
BAN0147,Shethia,Rashesh,Admin Assistant,1204440,BAN,0
HYD0148,Shetty,Manoj,Architect,4516650,HYD,-1
DEL0149,Shetty,Vishwanath,Admin Assistant,1204440,DEL,0
HYD0150,Shriyan,Dev,Office Manager,3713690,HYD,0
HYD0151,Siganporia,Khushru,Design Engineer,4416280,HYD,0
KOL0152,Singh,Devendra,Mechanical Engineer,4416280,KOL,0
MUM0153,Singporewala,Cyrus,Admin Assistant,1204440,MUM,0
JAL0154,Soni,Manoj,Health And Safety Officer,2810360,JAL,0
KOL0155,Sundarka,Sanjay,Quantity Surveyor,3713690,KOL,-1
BAN0156,Takalikar,Prashant,Electrical Engineer,4416280,BAN,0
NAG0157,Thakkar,Sanjay,Admin Assistant,1204440,NAG,0
DEL0158,Thakkar,Rahul,Architect,4516650,DEL,-1
BAN0159,Thakur,Manish,Design Engineer,4416280,BAN,0
HYD0160,Tolia,Sanjay,Mechanical Engineer,4416280,HYD,0
AHM0161,Udhwani,Nitesh,Site Manager,3814060,AHM,0
CHN0162,Vaghani,Vipul,Structural Engineer,4416280,CHN,0
CHN0163,Vakil,Jay,Mechanical Engineer,4416280,CHN,0
NAG0164,Vohra,Rajan,Architect,4516650,NAG,-1
JAL0165,Vora,Nitin,Admin Assistant,1204440,JAL,0
NAG0166,Zaveri,Anuj,Architect,4516650,NAG,-1
JAL0167,Jain,Chetan,Chemical Engineer,4416280,JAL,0
JAL0168,Madhani,Nitin,Chemical Engineer,4416280,JAL,0
KOL0169,Minawala,Aryan,Chemical Engineer,4416280,KOL,0
PUN0170,Shah,Biren,Chemical Engineer,4416280,PUN,0
AHM0171,Chhajed,Bhupindra,Admin Assistant,1204440,AHM,0
KOL0172,Shah,Pushpak,Chemical Engineer,4416280,KOL,0
BAN0173,Deravariya,Dhir,Chemical Engineer,4416280,BAN,0
NAG0174,Kulkarni,Shrinarayan,Electrical Engineer,4416280,NAG,0
MUM0175,Joshi,Rahul,Quantity Surveyor,3713690,MUM,-1
MUM0176,Marwah,Harsh,Electrical Engineer,4416280,MUM,0
CHN0177,Dabral,Anurag,Admin Assistant,1204440,CHN,0
PUN0178,Khopade,Ahesh,Health And Safety Officer,2810360,PUN,0
CHN0179,Vora,Manish,Health And Safety Officer,2810360,CHN,0
CHN0180,Yogeeta,Karunakaran,Structural Engineer,4416280,CHN,0
JAL0181,Abani,Gajesh,Electrical Engineer,4416280,JAL,0
BAN0182,Agarwal,Rajesh,Site Manager,3814060,BAN,0
PUN0183,Agrawal,Ravi,Site Manager,3814060,PUN,0
MUM0184,Badamia,Zoeb,Mechanical Engineer,4416280,MUM,0
CHN0185,Barkol,Shriniwas,Chemical Engineer,4416280,CHN,0
NAG0186,Bhagat,Ashwin,Admin Assistant,1204440,NAG,0
DEL0187,Bhargava,Harsh,Electrical Engineer,4416280,DEL,0
HYD0188,Bhurjee,Iqbal Singh,Electrical Engineer,4416280,HYD,0
KOL0189,Chachra,Pankaj,Quantity Surveyor,3713690,KOL,-1
BAN0190,Chandarana,Rupesh,Electrical Engineer,4416280,BAN,0
PUN0191,Chhajed,Shantila,Admin Assistant,1204440,PUN,0
AHM0192,Damania,Dhaval,Mechanical Engineer,4416280,AHM,0
HYD0193,Darooka,Sumit,Health And Safety Officer,2810360,HYD,0
AHM0194,Dave,Vipul,Mechanical Engineer,4416280,AHM,0
PUN0195,Degadwala,Deepak,Admin Assistant,1204440,PUN,0
HYD0196,Desai,Sanjiv,Admin Assistant,1204440,HYD,0
HYD0197,Desai,Nitin,Design Engineer,4416280,HYD,0
CHN0198,Dhanuka,Pramod,Architect,4516650,CHN,-1
NAG0199,Doshi,Prashant,Health And Safety Officer,2810360,NAG,0
BAN0200,Gada,Amit,Chemical Engineer,4416280,BAN,0
NAG0201,Gajera,Mahesh,Site Manager,3814060,NAG,0
NAG0202,Ganatra,Nirav,Health And Safety Officer,2810360,NAG,0
AHM0203,Gandhi,Pratosh,Structural Engineer,4416280,AHM,0
JAL0204,Gandhi,Samir,Architect,4516650,JAL,-1
PUN0205,Gothi,Gnanisha,Electrical Engineer,4416280,PUN,0
HYD0206,Hingorani,Girish,Health And Safety Officer,2810360,HYD,0
PUN0207,Iyer,Mahabalesh,Mechanical Engineer,4416280,PUN,0
AHM0208,Jagani,Ajay,Site Manager,3814060,AHM,0
BAN0209,Jain,Nilesh,Architect,4516650,BAN,-1
KOL0210,Jain,Arvind,Quantity Surveyor,3713690,KOL,-1
NAG0211,Jain,Gunwant,Structural Engineer,4416280,NAG,0
MUM0212,Jain,Anant,Quantity Surveyor,3713690,MUM,-1
PUN0213,Jain,Prabhat,Chemical Engineer,4416280,PUN,0
JAL0214,Joshi,Jayesh,Health And Safety Officer,2810360,JAL,0
AHM0215,Joshi,Divyesh,Office Manager,3713690,AHM,0
DEL0216,Kalaniya,Hamid,Quantity Surveyor,3713690,DEL,-1
PUN0217,Kamath,Anil,Admin Assistant,1204440,PUN,0
BAN0218,Kamdar,Himanshu,Quantity Surveyor,3713690,BAN,-1
DEL0219,Kanda,Arinder,Structural Engineer,4416280,DEL,0
NAG0220,Kankani,Sandeep,Structural Engineer,4416280,NAG,0
